{
  "avg_epoch_loss":0.1317464353597142,
  "avg_epoch_accuracy":0.9599053437164339,
  "train_loss":[
    0.824580834836376,
    0.42828274567668534,
    0.22107240875080533,
    0.13131998874406253,
    0.130913822639945,
    0.09606347653952609,
    0.07248458779450834,
    0.0265690988670643,
    0.027661062501474775,
    0.029358040371947454,
    0.09277717625173186,
    0.09905036353343255,
    0.061935576511582345,
    0.05289996036179552,
    0.0905823381769124,
    0.04633352841285057,
    0.03198182235851616,
    0.014295995866217713,
    0.025019443639135698
  ],
  "train_accuracy":[
    0.6966198980808258,
    0.8351084182457048,
    0.9225127551020408,
    0.9583864795918368,
    0.9665178571428571,
    0.9752869897959183,
    0.9835778061224489,
    0.9926658163265306,
    0.9923469387755102,
    0.9947385204081632,
    0.9904336734693877,
    0.9824617346938775,
    0.9889987244897959,
    0.9885204081632653,
    0.9883609693877551,
    0.9925063775510204,
    0.9929846938775511,
    0.9977678571428571,
    0.998405612244898
  ],
  "valid_loss":[
    0.6848233610391616,
    0.958229947090149,
    1.5812558472156524,
    2.4951072216033934,
    2.16357661485672,
    2.5771642506122587,
    2.981712055206299,
    3.1195664286613463,
    3.513991141319275,
    3.4526482462882995,
    3.629844832420349,
    2.7048511862754823,
    3.2353042364120483,
    4.332302975654602,
    4.223013067245484,
    3.9111754536628722,
    5.171815228462219,
    5.33933527469635,
    5.311948704719543
  ],
  "valid_accuracy":[
    0.6854166686534882,
    0.6864583313465118,
    0.6979166686534881,
    0.6864583313465118,
    0.7114583313465118,
    0.7291666686534881,
    0.69375,
    0.7208333313465118,
    0.7083333313465119,
    0.7020833313465118,
    0.6979166686534881,
    0.690625,
    0.7,
    0.678125,
    0.7229166686534881,
    0.7229166686534881,
    0.7114583313465118,
    0.709375,
    0.7416666686534882
  ],
  "validation_inference": {
    "matching": 226,
    "total": 300,
    "score": 0.75333333
  }
}