{
  "train_loss":[
    null,
    null,
    0.571500,
    0.571500
  ],
  "valid_loss":[
    0.547339,
    0.569936,
    0.661266,
    0.730450
  ],
  "valid_accuracy":[
    0.796667,
    0.746667,
    0.753333,
    0.786667
  ],
  "validation_inference": {
    "matching": 226,
    "total": 300,
    "score": 0.75333333
  }
}